,cyclomatic_complexity,avg_function_length,number_of_associated_bugs,code_to_comment_ratio,days_since_changed,filename,file_extension,labels
0,5,17,15,15,132,file_0,py,beginner level bugs
1,14,30,63,48,168,file_1,cpp,experienced level bugs
2,15,23,43,26,227,file_2,rb,experienced level bugs
3,12,17,22,37,159,file_3,c,beginner level bugs
4,12,25,34,50,264,file_4,js,experienced level bugs
5,18,15,66,18,78,file_5,py,experienced level bugs
6,12,26,30,52,64,file_6,c,experienced level bugs
7,15,13,38,32,210,file_7,cpp,experienced level bugs
8,16,14,37,3,158,file_8,js,beginner level bugs
9,14,32,56,44,161,file_9,py,experienced level bugs
10,6,23,8,5,139,file_10,js,beginner level bugs
11,11,25,16,33,17,file_11,rb,intermediate level bugs
12,4,37,7,49,301,file_12,py,intermediate level bugs
13,17,35,42,54,101,file_13,py,experienced level bugs
14,11,30,22,46,124,file_14,js,intermediate level bugs
15,15,21,52,22,151,file_15,py,experienced level bugs
16,3,32,7,36,180,file_16,py,intermediate level bugs
17,10,10,18,3,99,file_17,js,beginner level bugs
18,8,16,24,19,179,file_18,py,beginner level bugs
19,12,32,24,47,118,file_19,rb,intermediate level bugs
20,6,26,10,41,249,file_20,py,intermediate level bugs
21,15,39,68,54,12,file_21,js,experienced level bugs
22,1,14,9,30,127,file_22,c,beginner level bugs
23,7,34,23,30,149,file_23,rb,intermediate level bugs
24,7,26,26,57,227,file_24,py,intermediate level bugs
25,4,23,15,22,116,file_25,cpp,beginner level bugs
26,17,20,40,27,282,file_26,py,experienced level bugs
27,15,26,48,39,180,file_27,cpp,experienced level bugs
28,19,22,41,25,311,file_28,py,experienced level bugs
29,12,15,16,15,17,file_29,rb,beginner level bugs
30,18,24,47,17,75,file_30,cpp,experienced level bugs
31,14,25,48,42,19,file_31,cpp,experienced level bugs
32,1,38,8,57,238,file_32,py,intermediate level bugs
33,15,12,65,10,208,file_33,c,experienced level bugs
34,5,18,14,15,306,file_34,py,beginner level bugs
35,0,28,11,32,69,file_35,c,intermediate level bugs
36,3,32,13,30,147,file_36,py,intermediate level bugs
37,10,37,26,40,243,file_37,c,intermediate level bugs
38,12,36,26,39,284,file_38,js,intermediate level bugs
39,4,16,15,5,170,file_39,c,beginner level bugs
40,3,18,3,39,255,file_40,js,beginner level bugs
41,19,23,55,34,172,file_41,py,experienced level bugs
42,18,22,43,23,262,file_42,py,experienced level bugs
43,10,16,22,33,113,file_43,py,beginner level bugs
44,1,38,11,37,178,file_44,py,intermediate level bugs
45,15,39,66,45,118,file_45,c,experienced level bugs
46,9,16,26,8,119,file_46,js,beginner level bugs
47,16,11,61,35,136,file_47,py,experienced level bugs
48,4,28,6,50,187,file_48,py,intermediate level bugs
49,7,39,24,38,257,file_49,py,intermediate level bugs
50,18,38,42,37,272,file_50,py,experienced level bugs
51,16,19,62,7,1,file_51,rb,experienced level bugs
52,11,32,24,43,308,file_52,js,intermediate level bugs
53,2,37,5,39,281,file_53,js,intermediate level bugs
54,8,25,18,30,142,file_54,js,beginner level bugs
55,10,34,35,45,262,file_55,c,intermediate level bugs
56,11,39,34,30,240,file_56,py,intermediate level bugs
57,3,35,9,38,134,file_57,py,intermediate level bugs
58,15,21,65,4,56,file_58,c,experienced level bugs
59,0,15,5,6,13,file_59,c,beginner level bugs
60,11,14,25,20,279,file_60,js,beginner level bugs
61,12,25,26,45,288,file_61,c,experienced level bugs
62,19,24,51,18,179,file_62,js,experienced level bugs
63,18,22,56,39,169,file_63,js,experienced level bugs
64,7,10,22,15,143,file_64,c,beginner level bugs
65,11,30,15,54,248,file_65,py,intermediate level bugs
66,5,28,2,43,18,file_66,py,intermediate level bugs
67,4,26,11,42,103,file_67,c,intermediate level bugs
68,5,16,5,20,147,file_68,py,beginner level bugs
69,1,24,15,37,223,file_69,rb,intermediate level bugs
70,19,39,33,47,297,file_70,py,experienced level bugs
71,16,38,43,30,256,file_71,rb,experienced level bugs
72,9,23,23,17,179,file_72,js,beginner level bugs
73,0,38,19,39,166,file_73,js,intermediate level bugs
74,16,38,58,30,246,file_74,py,experienced level bugs
75,19,12,36,15,144,file_75,rb,experienced level bugs
76,6,24,19,25,121,file_76,c,beginner level bugs
77,19,33,56,49,283,file_77,py,experienced level bugs
78,5,10,11,17,224,file_78,js,beginner level bugs
79,0,35,16,57,206,file_79,py,intermediate level bugs
80,5,36,15,30,33,file_80,js,intermediate level bugs
81,18,38,46,55,245,file_81,py,experienced level bugs
82,5,18,17,4,245,file_82,py,beginner level bugs
83,2,29,6,52,128,file_83,py,intermediate level bugs
84,18,13,60,26,27,file_84,c,experienced level bugs
85,5,23,6,32,163,file_85,py,beginner level bugs
86,3,36,11,30,120,file_86,rb,intermediate level bugs
87,10,27,29,40,304,file_87,py,intermediate level bugs
88,19,23,64,3,134,file_88,js,experienced level bugs
89,14,10,34,35,144,file_89,js,beginner level bugs
90,0,16,17,37,35,file_90,py,beginner level bugs
91,11,23,29,23,58,file_91,cpp,beginner level bugs
92,1,19,8,27,25,file_92,py,beginner level bugs
93,1,20,11,34,124,file_93,c,beginner level bugs
94,14,30,44,54,7,file_94,cpp,experienced level bugs
95,6,34,3,49,103,file_95,py,intermediate level bugs
96,12,38,19,38,94,file_96,c,intermediate level bugs
97,4,39,6,54,316,file_97,js,intermediate level bugs
98,0,28,3,50,129,file_98,js,intermediate level bugs
99,12,19,19,25,44,file_99,js,beginner level bugs
100,3,13,13,24,153,file_100,c,beginner level bugs
101,8,18,29,27,146,file_101,py,beginner level bugs
102,6,15,2,39,178,file_102,py,beginner level bugs
103,11,29,32,59,56,file_103,py,intermediate level bugs
104,3,30,19,45,298,file_104,c,intermediate level bugs
105,5,23,8,17,258,file_105,js,beginner level bugs
106,1,12,3,32,307,file_106,py,beginner level bugs
107,19,26,36,47,128,file_107,c,experienced level bugs
108,10,18,26,28,125,file_108,py,beginner level bugs
109,12,17,27,25,133,file_109,cpp,beginner level bugs
110,12,37,20,30,270,file_110,py,intermediate level bugs
111,2,19,18,24,209,file_111,js,beginner level bugs
112,15,21,54,30,154,file_112,cpp,experienced level bugs
113,14,39,51,54,249,file_113,js,experienced level bugs
114,7,17,22,18,243,file_114,py,beginner level bugs
115,12,38,32,57,87,file_115,py,intermediate level bugs
116,19,16,37,19,206,file_116,c,experienced level bugs
117,6,30,10,34,39,file_117,py,intermediate level bugs
118,5,23,18,34,15,file_118,js,beginner level bugs
119,18,33,47,59,162,file_119,c,experienced level bugs
120,11,14,31,28,229,file_120,cpp,beginner level bugs
121,17,34,61,42,109,file_121,py,experienced level bugs
122,2,21,7,25,257,file_122,rb,beginner level bugs
123,12,24,21,13,300,file_123,py,beginner level bugs
124,9,20,21,9,107,file_124,py,beginner level bugs
125,18,14,50,26,84,file_125,py,experienced level bugs
126,12,18,23,5,150,file_126,rb,beginner level bugs
127,7,26,34,53,151,file_127,cpp,intermediate level bugs
128,19,36,59,32,19,file_128,c,experienced level bugs
129,11,32,31,49,39,file_129,js,intermediate level bugs
130,0,16,19,37,196,file_130,rb,beginner level bugs
131,0,23,5,9,135,file_131,py,beginner level bugs
132,17,18,37,18,280,file_132,c,experienced level bugs
133,5,37,16,55,296,file_133,py,intermediate level bugs
134,12,38,24,36,100,file_134,py,intermediate level bugs
135,11,27,22,34,81,file_135,py,intermediate level bugs
136,7,35,39,40,130,file_136,rb,intermediate level bugs
137,0,33,10,55,228,file_137,js,intermediate level bugs
138,15,30,37,41,182,file_138,js,experienced level bugs
139,19,22,42,21,118,file_139,py,experienced level bugs
140,9,11,32,13,245,file_140,py,beginner level bugs
141,15,36,45,49,46,file_141,cpp,experienced level bugs
142,18,33,31,52,245,file_142,c,experienced level bugs
143,16,30,37,33,145,file_143,js,experienced level bugs
144,12,23,36,33,255,file_144,js,experienced level bugs
145,11,25,19,45,167,file_145,js,intermediate level bugs
146,12,15,34,3,291,file_146,py,beginner level bugs
147,4,19,10,24,140,file_147,rb,beginner level bugs
148,3,27,19,45,128,file_148,py,intermediate level bugs
149,10,28,24,44,121,file_149,py,intermediate level bugs
150,8,29,20,59,136,file_150,py,intermediate level bugs
151,3,28,13,53,146,file_151,c,intermediate level bugs
152,5,38,13,40,135,file_152,py,intermediate level bugs
153,10,15,34,37,266,file_153,js,beginner level bugs
154,19,19,42,22,51,file_154,js,experienced level bugs
155,2,12,9,32,157,file_155,rb,beginner level bugs
156,12,38,23,40,21,file_156,js,intermediate level bugs
157,7,25,18,55,130,file_157,py,intermediate level bugs
158,5,33,6,44,307,file_158,py,intermediate level bugs
159,10,24,37,35,129,file_159,c,experienced level bugs
160,19,13,30,11,113,file_160,py,experienced level bugs
161,3,22,2,16,167,file_161,py,beginner level bugs
162,12,34,36,40,110,file_162,rb,experienced level bugs
163,18,13,43,36,140,file_163,c,experienced level bugs
164,0,30,10,56,124,file_164,py,intermediate level bugs
165,17,20,47,26,130,file_165,rb,experienced level bugs
166,11,18,15,39,142,file_166,py,beginner level bugs
167,8,33,33,37,8,file_167,c,intermediate level bugs
168,6,32,13,46,231,file_168,js,intermediate level bugs
169,14,35,35,44,101,file_169,py,experienced level bugs
170,14,37,50,30,130,file_170,py,experienced level bugs
171,10,33,18,40,222,file_171,js,intermediate level bugs
172,12,24,17,30,196,file_172,c,beginner level bugs
173,4,20,11,19,212,file_173,c,beginner level bugs
174,2,27,15,33,11,file_174,rb,intermediate level bugs
175,17,10,32,33,214,file_175,py,experienced level bugs
176,2,19,14,21,188,file_176,c,beginner level bugs
177,14,15,43,34,266,file_177,py,experienced level bugs
178,14,30,67,59,3,file_178,rb,experienced level bugs
179,4,10,16,17,289,file_179,js,beginner level bugs
180,11,19,22,12,119,file_180,js,beginner level bugs
181,1,30,3,44,181,file_181,c,intermediate level bugs
182,16,25,35,42,160,file_182,py,experienced level bugs
183,4,13,18,15,262,file_183,py,beginner level bugs
184,8,26,21,33,65,file_184,py,intermediate level bugs
185,1,23,10,7,288,file_185,c,beginner level bugs
186,12,11,27,35,218,file_186,py,beginner level bugs
187,5,30,14,34,282,file_187,js,intermediate level bugs
188,19,26,69,35,225,file_188,py,experienced level bugs
189,11,21,26,18,114,file_189,py,beginner level bugs
190,8,17,22,28,60,file_190,py,beginner level bugs
191,2,30,16,56,89,file_191,py,intermediate level bugs
192,2,16,15,32,14,file_192,cpp,beginner level bugs
193,12,16,25,16,122,file_193,js,beginner level bugs
194,1,19,14,21,86,file_194,cpp,beginner level bugs
195,12,34,37,46,278,file_195,py,intermediate level bugs
196,2,16,11,26,112,file_196,c,beginner level bugs
197,5,32,18,30,132,file_197,js,intermediate level bugs
198,11,30,18,43,57,file_198,py,intermediate level bugs
199,15,39,45,30,82,file_199,py,experienced level bugs
200,15,14,54,16,162,file_200,rb,experienced level bugs
201,1,27,18,59,243,file_201,js,intermediate level bugs
202,3,35,14,30,57,file_202,js,intermediate level bugs
203,2,33,11,36,77,file_203,py,intermediate level bugs
204,7,22,15,17,297,file_204,py,beginner level bugs
205,8,22,34,4,55,file_205,js,beginner level bugs
206,4,18,19,22,119,file_206,py,beginner level bugs
207,8,28,38,47,304,file_207,cpp,intermediate level bugs
208,15,35,38,37,244,file_208,py,experienced level bugs
209,16,24,45,26,32,file_209,py,experienced level bugs
210,12,36,17,49,161,file_210,c,intermediate level bugs
211,0,18,6,23,138,file_211,py,beginner level bugs
212,0,19,14,17,287,file_212,js,beginner level bugs
213,4,17,16,13,46,file_213,py,beginner level bugs
214,4,25,5,39,124,file_214,py,intermediate level bugs
215,16,16,46,17,37,file_215,js,experienced level bugs
216,12,24,29,22,292,file_216,js,beginner level bugs
217,3,33,16,48,147,file_217,py,intermediate level bugs
218,6,30,17,49,117,file_218,py,intermediate level bugs
219,3,32,10,52,6,file_219,py,intermediate level bugs
220,17,27,61,33,83,file_220,c,experienced level bugs
221,14,13,41,37,120,file_221,js,experienced level bugs
222,10,10,17,39,283,file_222,js,beginner level bugs
223,0,24,10,11,46,file_223,rb,beginner level bugs
224,1,15,14,28,202,file_224,c,beginner level bugs
225,16,35,57,34,39,file_225,c,experienced level bugs
226,12,30,31,42,118,file_226,py,intermediate level bugs
227,0,14,8,18,185,file_227,py,beginner level bugs
228,3,16,5,20,109,file_228,js,beginner level bugs
229,9,28,35,36,145,file_229,cpp,intermediate level bugs
230,12,11,36,7,272,file_230,py,beginner level bugs
231,16,26,57,30,304,file_231,c,experienced level bugs
232,4,14,8,5,28,file_232,py,beginner level bugs
233,17,24,41,22,94,file_233,cpp,experienced level bugs
234,4,24,13,28,300,file_234,c,beginner level bugs
235,12,19,16,15,188,file_235,py,beginner level bugs
236,2,38,7,30,154,file_236,js,intermediate level bugs
237,6,30,17,41,118,file_237,c,intermediate level bugs
238,12,30,37,49,315,file_238,c,experienced level bugs
239,1,17,15,38,277,file_239,py,beginner level bugs
240,11,11,37,23,112,file_240,js,beginner level bugs
241,15,39,47,57,117,file_241,js,experienced level bugs
242,12,30,25,45,277,file_242,py,intermediate level bugs
243,2,24,10,6,237,file_243,py,beginner level bugs
244,10,10,17,28,133,file_244,c,beginner level bugs
245,0,20,11,7,103,file_245,py,beginner level bugs
246,11,28,36,48,105,file_246,js,experienced level bugs
247,16,34,34,49,277,file_247,c,experienced level bugs
248,6,27,11,35,35,file_248,c,intermediate level bugs
249,12,26,27,39,46,file_249,js,experienced level bugs
250,6,36,3,30,288,file_250,py,intermediate level bugs
251,2,17,3,5,273,file_251,cpp,beginner level bugs
252,9,15,18,28,141,file_252,py,beginner level bugs
253,17,30,53,30,103,file_253,py,experienced level bugs
254,4,30,10,45,56,file_254,cpp,intermediate level bugs
255,12,13,16,37,145,file_255,cpp,beginner level bugs
256,1,10,11,27,144,file_256,js,beginner level bugs
257,12,16,18,25,176,file_257,c,beginner level bugs
258,5,26,13,37,309,file_258,c,intermediate level bugs
259,6,20,11,5,164,file_259,js,beginner level bugs
260,19,10,58,17,58,file_260,py,experienced level bugs
261,12,15,27,35,235,file_261,c,beginner level bugs
262,19,23,37,37,132,file_262,js,experienced level bugs
263,14,25,57,35,268,file_263,js,experienced level bugs
264,6,34,9,35,228,file_264,py,intermediate level bugs
265,16,10,52,16,151,file_265,c,experienced level bugs
266,7,34,15,46,145,file_266,c,intermediate level bugs
267,5,13,3,28,253,file_267,py,beginner level bugs
268,16,25,46,47,137,file_268,js,experienced level bugs
269,18,23,35,38,141,file_269,py,experienced level bugs
270,16,14,36,8,135,file_270,js,beginner level bugs
271,16,17,44,6,121,file_271,c,experienced level bugs
272,17,17,54,22,202,file_272,py,experienced level bugs
273,12,22,27,21,67,file_273,js,beginner level bugs
274,6,28,18,37,111,file_274,py,intermediate level bugs
275,18,30,45,51,135,file_275,js,experienced level bugs
276,0,13,15,12,293,file_276,js,beginner level bugs
277,1,39,5,37,126,file_277,py,intermediate level bugs
278,5,17,16,14,48,file_278,cpp,beginner level bugs
279,5,29,17,56,155,file_279,rb,intermediate level bugs
280,4,15,19,36,44,file_280,py,beginner level bugs
281,5,24,15,20,78,file_281,cpp,beginner level bugs
282,2,35,15,59,114,file_282,py,intermediate level bugs
283,17,25,66,55,31,file_283,js,experienced level bugs
284,10,24,39,27,274,file_284,rb,experienced level bugs
285,3,35,8,45,202,file_285,py,intermediate level bugs
286,10,19,21,6,190,file_286,cpp,beginner level bugs
287,2,32,11,54,123,file_287,c,intermediate level bugs
288,0,30,9,41,194,file_288,py,intermediate level bugs
289,5,28,14,51,275,file_289,js,intermediate level bugs
290,3,22,6,15,268,file_290,py,beginner level bugs
291,8,34,16,56,12,file_291,js,intermediate level bugs
292,4,24,8,23,270,file_292,js,beginner level bugs
293,15,28,67,46,309,file_293,py,experienced level bugs
294,12,35,29,57,230,file_294,c,intermediate level bugs
295,0,12,12,24,151,file_295,c,beginner level bugs
296,5,32,15,40,120,file_296,cpp,intermediate level bugs
297,18,39,48,57,19,file_297,cpp,experienced level bugs
298,8,21,28,26,161,file_298,py,beginner level bugs
299,18,13,59,20,227,file_299,c,experienced level bugs
300,8,38,37,43,146,file_300,py,intermediate level bugs
301,14,23,44,8,85,file_301,js,experienced level bugs
302,3,16,18,34,140,file_302,py,beginner level bugs
303,18,27,61,52,108,file_303,py,experienced level bugs
304,5,20,14,7,224,file_304,c,beginner level bugs
305,7,32,34,51,187,file_305,rb,intermediate level bugs
306,9,38,29,45,135,file_306,rb,intermediate level bugs
307,18,35,52,38,100,file_307,js,experienced level bugs
308,9,33,29,49,144,file_308,py,intermediate level bugs
309,14,12,43,26,136,file_309,py,experienced level bugs
310,14,26,38,35,7,file_310,py,experienced level bugs
311,6,14,11,13,187,file_311,js,beginner level bugs
312,7,17,32,28,102,file_312,js,beginner level bugs
313,11,24,31,10,132,file_313,py,beginner level bugs
314,8,30,31,39,49,file_314,py,intermediate level bugs
315,11,13,35,16,248,file_315,py,beginner level bugs
316,6,36,13,48,209,file_316,js,intermediate level bugs
317,12,11,32,26,224,file_317,cpp,beginner level bugs
318,14,34,43,53,165,file_318,py,experienced level bugs
319,19,12,32,11,290,file_319,py,experienced level bugs
320,12,24,31,3,117,file_320,py,beginner level bugs
321,19,33,30,50,104,file_321,py,experienced level bugs
322,12,32,17,32,141,file_322,c,intermediate level bugs
323,18,24,67,10,186,file_323,py,experienced level bugs
324,0,16,10,24,58,file_324,py,beginner level bugs
325,18,34,66,41,217,file_325,c,experienced level bugs
326,17,13,39,22,128,file_326,rb,experienced level bugs
327,12,39,24,55,19,file_327,py,intermediate level bugs
328,6,10,7,37,156,file_328,py,beginner level bugs
329,10,11,28,8,18,file_329,py,beginner level bugs
330,5,36,19,38,66,file_330,py,intermediate level bugs
331,18,22,42,27,298,file_331,py,experienced level bugs
332,19,30,60,57,281,file_332,js,experienced level bugs
333,11,20,38,21,289,file_333,py,beginner level bugs
334,12,19,36,6,38,file_334,rb,beginner level bugs
335,12,13,33,23,135,file_335,rb,beginner level bugs
336,5,14,19,5,133,file_336,cpp,beginner level bugs
337,3,24,5,15,59,file_337,py,beginner level bugs
338,9,25,25,50,113,file_338,js,intermediate level bugs
339,10,13,35,23,143,file_339,py,beginner level bugs
340,12,29,25,56,85,file_340,py,intermediate level bugs
341,4,24,12,23,242,file_341,js,beginner level bugs
342,9,30,21,57,310,file_342,rb,intermediate level bugs
343,12,35,32,30,132,file_343,c,intermediate level bugs
344,9,12,39,9,9,file_344,py,beginner level bugs
345,8,39,33,54,167,file_345,js,intermediate level bugs
346,14,36,41,46,151,file_346,py,experienced level bugs
347,9,32,34,53,220,file_347,cpp,intermediate level bugs
348,8,17,19,21,250,file_348,py,beginner level bugs
349,12,21,32,33,193,file_349,c,experienced level bugs
350,11,38,18,44,72,file_350,js,intermediate level bugs
351,3,17,10,17,203,file_351,py,beginner level bugs
352,0,15,10,23,171,file_352,py,beginner level bugs
353,19,33,42,32,228,file_353,py,experienced level bugs
354,15,10,61,9,143,file_354,rb,experienced level bugs
355,6,37,4,35,271,file_355,cpp,intermediate level bugs
356,1,26,11,43,2,file_356,py,intermediate level bugs
357,0,33,16,50,13,file_357,py,intermediate level bugs
358,14,34,34,59,173,file_358,cpp,intermediate level bugs
359,16,11,32,16,132,file_359,js,beginner level bugs
360,16,27,57,40,42,file_360,js,experienced level bugs
361,19,26,50,47,147,file_361,cpp,experienced level bugs
362,7,35,39,36,182,file_362,py,intermediate level bugs
363,12,18,20,38,318,file_363,py,beginner level bugs
364,9,37,28,30,25,file_364,py,intermediate level bugs
365,10,18,25,33,295,file_365,py,beginner level bugs
366,11,17,21,22,255,file_366,py,beginner level bugs
367,19,23,67,19,94,file_367,cpp,experienced level bugs
368,9,35,19,53,86,file_368,py,intermediate level bugs
369,14,26,68,56,278,file_369,py,experienced level bugs
370,10,29,18,57,98,file_370,c,intermediate level bugs
371,12,17,32,8,276,file_371,c,beginner level bugs
372,2,24,16,13,222,file_372,c,beginner level bugs
373,5,33,5,49,59,file_373,py,intermediate level bugs
374,18,32,55,51,272,file_374,js,experienced level bugs
375,8,38,39,39,236,file_375,py,intermediate level bugs
376,11,37,17,47,204,file_376,py,intermediate level bugs
377,7,30,28,59,235,file_377,py,intermediate level bugs
378,16,27,35,40,119,file_378,py,experienced level bugs
379,12,19,37,16,267,file_379,py,beginner level bugs
380,12,11,21,28,296,file_380,rb,beginner level bugs
381,4,35,17,56,121,file_381,js,intermediate level bugs
382,19,30,63,35,203,file_382,js,experienced level bugs
383,8,30,36,30,300,file_383,c,intermediate level bugs
384,6,36,3,49,50,file_384,cpp,intermediate level bugs
385,0,25,15,40,303,file_385,c,intermediate level bugs
386,8,24,31,8,247,file_386,py,beginner level bugs
387,15,28,59,36,44,file_387,c,experienced level bugs
388,3,21,2,18,22,file_388,cpp,beginner level bugs
389,19,39,54,38,126,file_389,rb,experienced level bugs
390,7,19,38,19,67,file_390,js,beginner level bugs
391,17,38,63,57,144,file_391,c,experienced level bugs
392,16,18,40,28,137,file_392,py,experienced level bugs
393,8,25,30,52,24,file_393,py,intermediate level bugs
394,4,10,8,3,177,file_394,c,beginner level bugs
395,3,15,6,25,156,file_395,c,beginner level bugs
396,7,28,30,59,81,file_396,c,intermediate level bugs
397,19,23,32,27,149,file_397,py,experienced level bugs
398,18,39,50,50,61,file_398,py,experienced level bugs
399,8,27,23,37,81,file_399,py,intermediate level bugs
400,9,12,31,24,249,file_400,py,beginner level bugs
401,3,18,7,28,103,file_401,py,beginner level bugs
402,4,27,12,44,256,file_402,cpp,intermediate level bugs
403,12,37,17,32,281,file_403,js,intermediate level bugs
404,6,18,15,25,230,file_404,py,beginner level bugs
405,10,34,32,47,177,file_405,rb,intermediate level bugs
406,8,21,19,39,181,file_406,js,beginner level bugs
407,5,38,8,48,134,file_407,c,intermediate level bugs
408,17,37,44,34,118,file_408,js,experienced level bugs
409,19,32,47,55,7,file_409,c,experienced level bugs
410,8,35,33,30,163,file_410,cpp,intermediate level bugs
411,9,15,36,5,307,file_411,js,beginner level bugs
412,3,21,18,10,235,file_412,py,beginner level bugs
413,8,22,22,3,50,file_413,c,beginner level bugs
414,1,27,4,55,129,file_414,c,intermediate level bugs
415,5,12,16,14,232,file_415,js,beginner level bugs
416,15,38,42,30,101,file_416,js,experienced level bugs
417,3,35,3,38,209,file_417,rb,intermediate level bugs
418,17,27,55,30,136,file_418,c,experienced level bugs
419,5,33,9,30,114,file_419,py,intermediate level bugs
420,15,23,34,6,165,file_420,rb,experienced level bugs
421,11,25,38,57,116,file_421,c,experienced level bugs
422,9,17,36,3,179,file_422,py,beginner level bugs
423,0,35,13,53,139,file_423,py,intermediate level bugs
424,14,14,38,33,200,file_424,py,experienced level bugs
425,8,26,30,34,108,file_425,js,intermediate level bugs
426,10,19,31,28,72,file_426,c,beginner level bugs
427,10,19,20,28,247,file_427,js,beginner level bugs
428,4,20,11,38,13,file_428,cpp,beginner level bugs
429,17,32,48,33,121,file_429,py,experienced level bugs
430,3,22,9,21,201,file_430,js,beginner level bugs
431,7,19,29,28,28,file_431,py,beginner level bugs
432,12,12,39,32,257,file_432,py,beginner level bugs
433,2,30,5,38,8,file_433,js,intermediate level bugs
434,6,35,4,30,159,file_434,c,intermediate level bugs
435,12,30,27,30,163,file_435,rb,intermediate level bugs
436,18,26,40,35,121,file_436,c,experienced level bugs
437,10,11,21,20,77,file_437,cpp,beginner level bugs
438,18,14,43,19,115,file_438,cpp,experienced level bugs
439,15,35,43,52,268,file_439,js,experienced level bugs
440,1,15,6,39,198,file_440,py,beginner level bugs
441,11,30,33,56,253,file_441,c,intermediate level bugs
442,12,34,18,33,226,file_442,js,intermediate level bugs
443,12,33,28,44,306,file_443,c,intermediate level bugs
444,17,14,36,11,105,file_444,py,experienced level bugs
445,4,24,13,17,170,file_445,js,beginner level bugs
446,12,14,32,23,129,file_446,c,beginner level bugs
447,6,32,8,30,78,file_447,js,intermediate level bugs
448,12,22,27,30,34,file_448,cpp,experienced level bugs
449,17,18,34,6,179,file_449,rb,experienced level bugs
450,7,22,32,23,157,file_450,js,beginner level bugs
451,6,33,15,50,225,file_451,py,intermediate level bugs
452,4,36,8,50,41,file_452,c,intermediate level bugs
453,18,33,37,38,147,file_453,py,experienced level bugs
454,15,39,35,51,125,file_454,py,experienced level bugs
455,0,21,3,26,8,file_455,c,beginner level bugs
456,6,26,17,43,179,file_456,js,intermediate level bugs
457,4,11,14,21,115,file_457,c,beginner level bugs
458,18,36,38,49,116,file_458,cpp,experienced level bugs
459,11,24,32,4,16,file_459,js,beginner level bugs
460,1,18,2,28,141,file_460,py,beginner level bugs
461,18,35,61,48,183,file_461,c,experienced level bugs
462,18,34,57,57,31,file_462,py,experienced level bugs
463,7,15,26,5,120,file_463,js,beginner level bugs
464,11,25,33,38,88,file_464,js,experienced level bugs
465,0,35,14,36,68,file_465,cpp,intermediate level bugs
466,15,14,34,32,2,file_466,js,experienced level bugs
467,16,35,34,55,197,file_467,cpp,experienced level bugs
468,5,28,9,35,104,file_468,js,intermediate level bugs
469,14,34,51,46,249,file_469,py,experienced level bugs
470,0,28,18,50,162,file_470,rb,intermediate level bugs
471,10,16,29,21,36,file_471,c,beginner level bugs
472,0,14,4,33,57,file_472,py,beginner level bugs
473,8,18,18,10,15,file_473,cpp,beginner level bugs
474,1,16,11,36,197,file_474,c,beginner level bugs
475,3,39,13,30,91,file_475,cpp,intermediate level bugs
476,17,21,69,32,79,file_476,c,experienced level bugs
477,3,15,5,7,45,file_477,c,beginner level bugs
478,2,10,12,25,132,file_478,c,beginner level bugs
479,15,27,51,33,98,file_479,cpp,experienced level bugs
480,19,32,51,43,287,file_480,cpp,experienced level bugs
481,12,38,28,46,89,file_481,rb,intermediate level bugs
482,14,23,45,10,72,file_482,c,experienced level bugs
483,17,17,63,6,166,file_483,rb,experienced level bugs
484,2,23,14,36,294,file_484,py,intermediate level bugs
485,18,10,55,28,134,file_485,js,experienced level bugs
486,8,12,36,37,312,file_486,cpp,beginner level bugs
487,3,36,11,57,147,file_487,cpp,intermediate level bugs
488,3,17,16,8,262,file_488,cpp,beginner level bugs
489,1,26,7,33,60,file_489,py,intermediate level bugs
490,6,16,13,38,244,file_490,py,beginner level bugs
491,18,36,50,56,160,file_491,py,experienced level bugs
492,2,28,3,53,282,file_492,js,intermediate level bugs
493,0,22,13,4,245,file_493,cpp,beginner level bugs
494,14,37,59,36,115,file_494,py,experienced level bugs
495,4,21,9,7,73,file_495,py,beginner level bugs
496,3,29,18,50,258,file_496,py,intermediate level bugs
497,5,14,3,7,118,file_497,js,beginner level bugs
498,14,17,66,3,6,file_498,py,experienced level bugs
499,4,39,17,44,66,file_499,js,intermediate level bugs
500,11,15,28,20,199,file_500,js,beginner level bugs
501,19,20,68,4,261,file_501,cpp,experienced level bugs
502,18,27,68,53,190,file_502,py,experienced level bugs
503,11,23,23,28,144,file_503,rb,beginner level bugs
504,1,21,3,6,130,file_504,c,beginner level bugs
505,1,16,17,11,230,file_505,py,beginner level bugs
506,4,37,5,38,227,file_506,py,intermediate level bugs
507,1,37,19,30,296,file_507,cpp,intermediate level bugs
508,15,37,37,59,258,file_508,js,experienced level bugs
509,12,38,20,43,122,file_509,py,intermediate level bugs
510,12,16,29,24,140,file_510,py,beginner level bugs
511,7,15,19,9,248,file_511,js,beginner level bugs
512,2,24,9,28,119,file_512,c,beginner level bugs
513,8,13,17,30,58,file_513,rb,beginner level bugs
514,19,35,56,55,260,file_514,py,experienced level bugs
515,0,14,8,7,257,file_515,py,beginner level bugs
516,4,38,4,42,15,file_516,py,intermediate level bugs
517,3,30,12,57,263,file_517,py,intermediate level bugs
518,18,14,35,37,54,file_518,cpp,experienced level bugs
519,17,37,61,52,64,file_519,rb,experienced level bugs
520,0,34,6,48,141,file_520,py,intermediate level bugs
521,4,27,15,46,57,file_521,py,intermediate level bugs
522,19,37,58,40,319,file_522,py,experienced level bugs
523,11,11,32,34,143,file_523,py,beginner level bugs
524,14,26,48,44,257,file_524,py,experienced level bugs
525,14,35,53,30,107,file_525,rb,experienced level bugs
526,6,20,14,15,276,file_526,cpp,beginner level bugs
527,12,32,21,41,319,file_527,py,intermediate level bugs
528,12,30,20,43,198,file_528,rb,intermediate level bugs
529,12,26,23,34,174,file_529,c,experienced level bugs
530,12,33,31,42,316,file_530,py,intermediate level bugs
531,5,16,8,5,30,file_531,c,beginner level bugs
532,7,17,30,16,262,file_532,rb,beginner level bugs
533,6,22,7,22,5,file_533,py,beginner level bugs
534,3,20,18,23,146,file_534,js,beginner level bugs
535,0,22,18,30,142,file_535,rb,beginner level bugs
536,1,35,2,34,313,file_536,cpp,intermediate level bugs
537,7,21,28,23,206,file_537,rb,beginner level bugs
538,12,36,17,48,109,file_538,c,intermediate level bugs
539,9,17,20,30,208,file_539,js,beginner level bugs
540,12,26,22,35,248,file_540,py,intermediate level bugs
541,12,36,37,35,210,file_541,py,experienced level bugs
542,15,30,51,51,103,file_542,py,experienced level bugs
543,8,36,36,35,178,file_543,cpp,intermediate level bugs
544,14,36,60,30,276,file_544,rb,experienced level bugs
545,19,26,57,34,226,file_545,js,experienced level bugs
546,14,20,31,25,267,file_546,py,experienced level bugs
547,3,26,5,52,240,file_547,rb,intermediate level bugs
548,9,37,32,55,155,file_548,js,intermediate level bugs
549,9,18,33,10,146,file_549,js,beginner level bugs
550,2,34,15,42,238,file_550,py,intermediate level bugs
551,7,39,16,57,232,file_551,c,intermediate level bugs
552,3,13,8,9,114,file_552,js,beginner level bugs
553,12,12,23,33,303,file_553,js,beginner level bugs
554,1,18,18,39,138,file_554,py,beginner level bugs
555,17,24,38,13,45,file_555,py,experienced level bugs
556,7,29,15,50,74,file_556,c,intermediate level bugs
557,15,27,52,56,196,file_557,js,experienced level bugs
558,3,25,4,57,239,file_558,py,intermediate level bugs
559,11,21,30,24,151,file_559,c,beginner level bugs
560,7,21,31,12,210,file_560,cpp,beginner level bugs
561,11,29,24,37,236,file_561,py,intermediate level bugs
562,14,15,67,15,202,file_562,cpp,experienced level bugs
563,10,18,30,5,269,file_563,cpp,beginner level bugs
564,4,39,4,50,292,file_564,py,intermediate level bugs
565,15,37,30,36,175,file_565,py,experienced level bugs
566,19,22,50,11,197,file_566,js,experienced level bugs
567,3,32,14,37,306,file_567,js,intermediate level bugs
568,18,16,56,8,77,file_568,rb,experienced level bugs
569,7,18,26,26,264,file_569,py,beginner level bugs
570,19,19,59,26,17,file_570,py,experienced level bugs
571,4,11,16,36,56,file_571,js,beginner level bugs
572,2,22,5,23,228,file_572,py,beginner level bugs
573,3,30,12,46,18,file_573,py,intermediate level bugs
574,8,36,15,36,127,file_574,py,intermediate level bugs
575,14,38,33,52,295,file_575,py,intermediate level bugs
576,17,39,35,32,204,file_576,py,experienced level bugs
577,2,18,8,11,197,file_577,rb,beginner level bugs
578,12,10,39,17,250,file_578,c,beginner level bugs
579,19,30,41,42,98,file_579,rb,experienced level bugs
580,18,13,40,37,255,file_580,c,experienced level bugs
581,7,36,22,33,137,file_581,py,intermediate level bugs
582,12,33,22,55,11,file_582,c,intermediate level bugs
583,19,30,62,43,10,file_583,c,experienced level bugs
584,12,29,33,48,139,file_584,c,experienced level bugs
585,18,10,56,21,207,file_585,cpp,experienced level bugs
586,1,10,18,37,183,file_586,rb,beginner level bugs
587,17,29,60,38,192,file_587,rb,experienced level bugs
588,0,20,5,13,136,file_588,c,beginner level bugs
589,15,30,38,54,70,file_589,c,experienced level bugs
590,9,34,19,45,192,file_590,c,intermediate level bugs
591,9,25,29,42,291,file_591,py,intermediate level bugs
592,6,39,14,35,103,file_592,js,intermediate level bugs
593,12,23,17,39,143,file_593,js,intermediate level bugs
594,5,37,17,30,311,file_594,js,intermediate level bugs
595,6,36,9,38,57,file_595,py,intermediate level bugs
596,5,36,11,32,264,file_596,py,intermediate level bugs
597,0,35,19,53,267,file_597,c,intermediate level bugs
598,12,21,28,11,264,file_598,cpp,beginner level bugs
599,9,28,18,32,37,file_599,js,intermediate level bugs
600,19,24,47,33,266,file_600,rb,experienced level bugs
601,19,22,63,36,32,file_601,js,experienced level bugs
602,8,30,16,51,316,file_602,rb,intermediate level bugs
603,7,26,27,34,24,file_603,py,intermediate level bugs
604,1,22,2,30,65,file_604,cpp,beginner level bugs
605,6,38,10,41,251,file_605,c,intermediate level bugs
606,11,17,34,10,182,file_606,c,beginner level bugs
607,19,24,51,30,129,file_607,c,experienced level bugs
608,17,18,38,28,207,file_608,js,experienced level bugs
609,17,12,49,18,196,file_609,cpp,experienced level bugs
610,0,13,15,28,22,file_610,py,beginner level bugs
611,4,32,5,48,239,file_611,c,intermediate level bugs
612,11,11,32,5,295,file_612,c,beginner level bugs
613,12,30,32,53,10,file_613,cpp,experienced level bugs
614,9,27,35,43,275,file_614,py,intermediate level bugs
615,19,25,30,54,217,file_615,js,experienced level bugs
616,9,14,15,12,183,file_616,js,beginner level bugs
617,2,24,16,38,35,file_617,py,intermediate level bugs
618,15,10,38,22,181,file_618,js,beginner level bugs
619,2,23,18,33,76,file_619,py,beginner level bugs
620,12,38,25,49,158,file_620,py,intermediate level bugs
621,8,11,28,26,53,file_621,cpp,beginner level bugs
622,17,12,53,19,237,file_622,c,experienced level bugs
623,8,32,22,36,112,file_623,py,intermediate level bugs
624,7,27,34,49,16,file_624,cpp,intermediate level bugs
625,3,12,6,6,146,file_625,c,beginner level bugs
626,17,23,53,37,164,file_626,py,experienced level bugs
627,1,39,12,57,107,file_627,cpp,intermediate level bugs
628,11,15,27,34,248,file_628,py,beginner level bugs
629,6,28,2,49,148,file_629,rb,intermediate level bugs
630,5,15,8,9,295,file_630,py,beginner level bugs
631,19,37,41,59,248,file_631,py,experienced level bugs
632,7,19,23,5,120,file_632,cpp,beginner level bugs
633,15,23,34,37,221,file_633,py,experienced level bugs
634,0,35,10,45,140,file_634,js,intermediate level bugs
635,6,24,17,26,283,file_635,py,beginner level bugs
636,4,21,7,20,143,file_636,c,beginner level bugs
637,0,35,5,36,98,file_637,py,intermediate level bugs
638,3,19,2,27,289,file_638,c,beginner level bugs
639,12,28,22,38,227,file_639,py,intermediate level bugs
640,7,33,28,49,226,file_640,c,intermediate level bugs
641,10,30,22,57,199,file_641,c,intermediate level bugs
642,16,30,39,42,88,file_642,py,experienced level bugs
643,17,37,62,46,232,file_643,c,experienced level bugs
644,6,18,5,24,273,file_644,py,beginner level bugs
645,7,33,17,51,261,file_645,cpp,intermediate level bugs
646,12,36,15,39,189,file_646,cpp,intermediate level bugs
647,18,27,34,50,234,file_647,py,experienced level bugs
648,0,35,5,39,65,file_648,py,intermediate level bugs
649,16,11,42,36,197,file_649,rb,experienced level bugs
650,9,33,23,50,261,file_650,cpp,intermediate level bugs
651,6,29,14,59,1,file_651,cpp,intermediate level bugs
652,12,33,29,41,10,file_652,cpp,intermediate level bugs
653,12,21,26,5,112,file_653,py,beginner level bugs
654,3,34,18,54,235,file_654,py,intermediate level bugs
655,16,24,55,15,137,file_655,js,experienced level bugs
656,11,24,18,4,147,file_656,py,beginner level bugs
657,19,21,61,24,253,file_657,js,experienced level bugs
658,1,12,6,27,270,file_658,c,beginner level bugs
659,9,16,39,10,142,file_659,py,beginner level bugs
660,14,13,60,21,129,file_660,cpp,experienced level bugs
661,5,35,9,50,282,file_661,js,intermediate level bugs
662,12,20,19,22,293,file_662,py,beginner level bugs
663,5,23,16,21,197,file_663,js,beginner level bugs
664,19,21,60,36,126,file_664,py,experienced level bugs
665,5,39,4,30,183,file_665,py,intermediate level bugs
666,1,21,12,20,91,file_666,c,beginner level bugs
667,11,18,31,30,303,file_667,c,beginner level bugs
668,0,10,3,8,215,file_668,py,beginner level bugs
669,17,38,39,32,119,file_669,py,experienced level bugs
670,0,24,15,19,303,file_670,c,beginner level bugs
671,7,33,37,45,226,file_671,rb,intermediate level bugs
672,15,29,61,44,78,file_672,rb,experienced level bugs
673,3,15,11,6,221,file_673,py,beginner level bugs
674,6,24,10,15,298,file_674,c,beginner level bugs
675,19,25,63,37,24,file_675,py,experienced level bugs
676,7,24,33,36,165,file_676,py,intermediate level bugs
677,15,35,56,38,309,file_677,c,experienced level bugs
678,6,39,13,59,307,file_678,py,intermediate level bugs
679,11,36,34,50,227,file_679,cpp,intermediate level bugs
680,12,17,25,5,15,file_680,cpp,beginner level bugs
681,14,14,33,36,71,file_681,py,experienced level bugs
682,14,38,68,32,97,file_682,js,experienced level bugs
683,1,15,8,12,46,file_683,rb,beginner level bugs
684,12,19,21,12,125,file_684,py,beginner level bugs
685,14,19,53,37,134,file_685,py,experienced level bugs
686,5,22,6,37,159,file_686,js,beginner level bugs
687,7,17,30,35,26,file_687,js,beginner level bugs
688,2,23,17,37,295,file_688,py,intermediate level bugs
689,0,11,12,37,252,file_689,py,beginner level bugs
690,15,30,54,42,260,file_690,py,experienced level bugs
691,12,18,35,24,207,file_691,py,experienced level bugs
692,2,21,17,37,41,file_692,py,beginner level bugs
693,3,23,10,8,214,file_693,py,beginner level bugs
694,1,25,17,57,217,file_694,c,intermediate level bugs
695,12,32,20,57,86,file_695,rb,intermediate level bugs
696,16,29,49,34,314,file_696,py,experienced level bugs
697,12,27,39,59,252,file_697,py,experienced level bugs
698,14,32,67,57,134,file_698,py,experienced level bugs
699,12,32,39,32,183,file_699,py,experienced level bugs
700,4,12,9,39,179,file_700,js,beginner level bugs
701,17,38,62,34,314,file_701,py,experienced level bugs
702,9,37,35,55,304,file_702,py,intermediate level bugs
703,7,17,30,24,42,file_703,py,beginner level bugs
704,8,10,28,18,204,file_704,js,beginner level bugs
705,8,26,26,39,175,file_705,cpp,intermediate level bugs
706,6,26,4,30,287,file_706,py,intermediate level bugs
707,11,20,38,20,104,file_707,c,beginner level bugs
708,6,22,6,5,305,file_708,rb,beginner level bugs
709,7,27,17,44,212,file_709,c,intermediate level bugs
710,15,33,63,33,107,file_710,c,experienced level bugs
711,10,37,33,44,300,file_711,c,intermediate level bugs
712,8,27,25,42,116,file_712,cpp,intermediate level bugs
713,19,17,68,3,38,file_713,py,experienced level bugs
714,9,39,39,53,90,file_714,py,intermediate level bugs
715,4,29,16,42,307,file_715,py,intermediate level bugs
716,2,37,16,56,239,file_716,js,intermediate level bugs
717,1,25,12,32,130,file_717,py,intermediate level bugs
718,5,12,9,12,143,file_718,rb,beginner level bugs
719,8,34,18,57,173,file_719,js,intermediate level bugs
720,0,32,8,48,63,file_720,c,intermediate level bugs
721,15,15,42,15,157,file_721,py,experienced level bugs
722,7,18,30,4,76,file_722,py,beginner level bugs
723,3,34,3,42,276,file_723,c,intermediate level bugs
724,14,12,34,28,187,file_724,js,beginner level bugs
725,6,28,12,36,290,file_725,rb,intermediate level bugs
726,9,22,31,17,253,file_726,py,beginner level bugs
727,12,22,28,32,71,file_727,js,experienced level bugs
728,14,14,44,22,255,file_728,rb,experienced level bugs
729,8,34,33,36,108,file_729,c,intermediate level bugs
730,18,38,64,39,194,file_730,rb,experienced level bugs
731,17,22,69,28,173,file_731,cpp,experienced level bugs
732,6,22,6,36,204,file_732,py,beginner level bugs
733,16,16,54,28,136,file_733,rb,experienced level bugs
734,6,12,17,23,67,file_734,js,beginner level bugs
735,7,19,27,23,240,file_735,c,beginner level bugs
736,1,15,10,32,217,file_736,cpp,beginner level bugs
737,18,13,67,10,107,file_737,py,experienced level bugs
738,2,24,4,27,178,file_738,js,beginner level bugs
739,12,34,16,46,35,file_739,c,intermediate level bugs
740,0,12,14,18,266,file_740,c,beginner level bugs
741,19,25,53,55,99,file_741,rb,experienced level bugs
742,3,12,7,25,171,file_742,rb,beginner level bugs
743,14,26,47,32,12,file_743,cpp,experienced level bugs
744,7,32,34,32,40,file_744,js,intermediate level bugs
745,8,14,32,30,171,file_745,js,beginner level bugs
746,14,33,67,57,54,file_746,py,experienced level bugs
747,11,13,18,39,113,file_747,js,beginner level bugs
748,17,33,45,57,68,file_748,py,experienced level bugs
749,10,20,34,39,107,file_749,c,experienced level bugs
750,2,10,16,3,226,file_750,py,beginner level bugs
751,7,20,17,12,103,file_751,py,beginner level bugs
752,5,33,5,55,30,file_752,py,intermediate level bugs
753,17,24,48,21,277,file_753,js,experienced level bugs
754,5,37,10,42,271,file_754,c,intermediate level bugs
755,8,34,34,52,58,file_755,c,intermediate level bugs
756,10,30,37,57,168,file_756,js,intermediate level bugs
757,6,22,17,19,54,file_757,rb,beginner level bugs
758,9,20,21,3,214,file_758,py,beginner level bugs
759,4,20,16,16,145,file_759,cpp,beginner level bugs
760,15,24,50,20,41,file_760,rb,experienced level bugs
761,18,33,40,53,300,file_761,py,experienced level bugs
762,10,17,26,15,25,file_762,py,beginner level bugs
763,11,28,28,32,272,file_763,c,intermediate level bugs
764,12,28,37,53,108,file_764,py,experienced level bugs
765,14,20,52,28,291,file_765,c,experienced level bugs
766,15,30,61,38,169,file_766,js,experienced level bugs
767,12,21,21,23,30,file_767,py,beginner level bugs
768,5,15,13,26,302,file_768,js,beginner level bugs
769,6,20,7,33,14,file_769,c,beginner level bugs
770,18,39,50,33,223,file_770,py,experienced level bugs
771,1,21,3,23,22,file_771,c,beginner level bugs
772,2,33,17,46,181,file_772,py,intermediate level bugs
773,11,26,39,35,192,file_773,js,experienced level bugs
774,18,27,51,59,179,file_774,js,experienced level bugs
775,15,16,69,5,71,file_775,py,experienced level bugs
776,12,18,17,39,126,file_776,c,beginner level bugs
777,11,18,30,5,280,file_777,py,beginner level bugs
778,5,30,8,47,218,file_778,py,intermediate level bugs
779,15,24,46,9,125,file_779,c,experienced level bugs
780,9,16,17,14,138,file_780,c,beginner level bugs
781,12,19,31,36,137,file_781,c,experienced level bugs
782,6,15,8,9,140,file_782,py,beginner level bugs
783,8,11,39,25,31,file_783,py,beginner level bugs
784,8,10,20,4,83,file_784,c,beginner level bugs
785,3,33,16,33,319,file_785,js,intermediate level bugs
786,3,17,15,24,91,file_786,c,beginner level bugs
787,4,14,6,37,137,file_787,js,beginner level bugs
788,4,34,11,37,319,file_788,js,intermediate level bugs
789,19,15,34,28,81,file_789,js,experienced level bugs
790,4,13,8,33,40,file_790,c,beginner level bugs
791,6,10,14,20,225,file_791,c,beginner level bugs
792,1,25,8,55,292,file_792,py,intermediate level bugs
793,16,21,49,16,219,file_793,py,experienced level bugs
794,4,21,13,17,138,file_794,py,beginner level bugs
795,16,32,59,51,296,file_795,py,experienced level bugs
796,18,19,34,24,252,file_796,py,experienced level bugs
797,6,20,2,5,314,file_797,py,beginner level bugs
798,16,39,39,57,216,file_798,py,experienced level bugs
799,17,19,46,4,276,file_799,rb,experienced level bugs
800,17,25,43,43,180,file_800,js,experienced level bugs
801,6,29,18,40,174,file_801,js,intermediate level bugs
802,1,28,6,46,79,file_802,cpp,intermediate level bugs
803,4,35,11,33,152,file_803,c,intermediate level bugs
804,16,12,44,37,52,file_804,py,experienced level bugs
805,1,25,4,30,261,file_805,py,beginner level bugs
806,1,10,9,37,209,file_806,py,beginner level bugs
807,18,34,61,56,16,file_807,rb,experienced level bugs
808,14,38,67,40,271,file_808,c,experienced level bugs
809,7,23,15,6,54,file_809,c,beginner level bugs
810,17,24,50,38,318,file_810,c,experienced level bugs
811,14,15,43,14,90,file_811,c,experienced level bugs
812,5,34,4,50,168,file_812,js,intermediate level bugs
813,19,33,63,53,170,file_813,rb,experienced level bugs
814,3,21,8,37,112,file_814,cpp,beginner level bugs
815,2,35,8,36,98,file_815,cpp,intermediate level bugs
816,8,34,19,48,34,file_816,py,intermediate level bugs
817,10,16,15,30,198,file_817,c,beginner level bugs
818,19,38,56,37,149,file_818,rb,experienced level bugs
819,12,23,26,10,151,file_819,c,beginner level bugs
820,8,28,30,32,55,file_820,py,intermediate level bugs
821,0,10,13,7,267,file_821,py,beginner level bugs
822,18,12,42,25,14,file_822,c,experienced level bugs
823,12,28,15,39,110,file_823,js,intermediate level bugs
824,9,26,21,52,278,file_824,c,intermediate level bugs
825,11,26,24,40,141,file_825,js,intermediate level bugs
826,12,36,39,33,63,file_826,c,experienced level bugs
827,9,19,31,7,134,file_827,rb,beginner level bugs
828,6,27,2,50,46,file_828,cpp,intermediate level bugs
829,1,12,15,21,244,file_829,py,beginner level bugs
830,14,26,68,57,261,file_830,py,experienced level bugs
831,14,20,36,37,226,file_831,c,experienced level bugs
832,12,17,17,38,188,file_832,py,beginner level bugs
833,8,10,20,15,63,file_833,js,beginner level bugs
834,14,25,54,52,11,file_834,js,experienced level bugs
835,3,12,12,16,272,file_835,cpp,beginner level bugs
836,19,33,45,54,217,file_836,js,experienced level bugs
837,12,25,15,47,170,file_837,py,intermediate level bugs
838,18,12,67,30,102,file_838,c,experienced level bugs
839,11,23,36,25,169,file_839,py,experienced level bugs
840,6,24,15,3,285,file_840,py,beginner level bugs
841,14,22,39,23,127,file_841,c,experienced level bugs
842,10,19,36,27,90,file_842,c,beginner level bugs
843,11,37,17,57,227,file_843,py,intermediate level bugs
844,2,20,17,3,208,file_844,rb,beginner level bugs
845,4,18,7,35,229,file_845,js,beginner level bugs
846,0,33,4,39,175,file_846,c,intermediate level bugs
847,8,14,29,33,234,file_847,rb,beginner level bugs
848,17,28,35,37,270,file_848,rb,experienced level bugs
849,3,37,12,39,188,file_849,js,intermediate level bugs
850,6,32,7,44,251,file_850,js,intermediate level bugs
851,3,34,11,51,279,file_851,js,intermediate level bugs
852,2,38,5,57,319,file_852,py,intermediate level bugs
853,10,22,18,36,286,file_853,rb,beginner level bugs
854,9,34,38,30,221,file_854,rb,intermediate level bugs
855,2,36,6,36,54,file_855,rb,intermediate level bugs
856,17,30,56,55,127,file_856,py,experienced level bugs
857,9,35,28,40,271,file_857,c,intermediate level bugs
858,9,13,35,28,311,file_858,rb,beginner level bugs
859,10,24,35,14,175,file_859,py,beginner level bugs
860,19,30,35,44,136,file_860,cpp,experienced level bugs
861,8,21,33,7,165,file_861,py,beginner level bugs
862,16,28,31,42,110,file_862,js,experienced level bugs
863,16,33,37,59,85,file_863,js,experienced level bugs
864,12,35,15,30,113,file_864,py,intermediate level bugs
865,1,25,9,52,287,file_865,js,intermediate level bugs
866,15,14,47,21,65,file_866,rb,experienced level bugs
867,6,32,17,45,120,file_867,c,intermediate level bugs
868,4,26,3,41,122,file_868,cpp,intermediate level bugs
869,14,37,62,36,126,file_869,cpp,experienced level bugs
870,18,11,33,7,121,file_870,py,beginner level bugs
871,2,17,10,33,131,file_871,js,beginner level bugs
872,18,39,44,51,22,file_872,js,experienced level bugs
873,2,12,9,28,253,file_873,py,beginner level bugs
874,0,22,7,23,143,file_874,py,beginner level bugs
875,19,37,51,45,240,file_875,c,experienced level bugs
876,12,13,23,39,163,file_876,js,beginner level bugs
877,16,30,66,47,274,file_877,py,experienced level bugs
878,0,30,11,37,106,file_878,c,intermediate level bugs
879,3,34,10,54,151,file_879,c,intermediate level bugs
880,15,27,64,36,251,file_880,c,experienced level bugs
881,5,35,18,32,167,file_881,js,intermediate level bugs
882,12,30,38,57,296,file_882,py,intermediate level bugs
883,12,10,33,34,223,file_883,py,beginner level bugs
884,6,39,12,45,206,file_884,c,intermediate level bugs
885,4,24,11,38,317,file_885,js,intermediate level bugs
886,2,13,13,4,211,file_886,rb,beginner level bugs
887,12,29,35,46,107,file_887,py,experienced level bugs
888,2,23,16,28,37,file_888,py,beginner level bugs
889,12,27,36,53,313,file_889,py,experienced level bugs
890,2,16,15,33,2,file_890,js,beginner level bugs
891,17,35,34,36,201,file_891,c,experienced level bugs
892,10,14,22,37,126,file_892,py,beginner level bugs
893,12,27,35,33,123,file_893,py,experienced level bugs
894,18,35,38,34,209,file_894,c,experienced level bugs
895,12,39,33,50,77,file_895,py,intermediate level bugs
896,1,36,3,39,310,file_896,py,intermediate level bugs
897,12,22,31,7,201,file_897,js,beginner level bugs
898,8,32,29,50,237,file_898,cpp,intermediate level bugs
899,1,38,11,56,120,file_899,c,intermediate level bugs
900,16,28,38,51,123,file_900,py,experienced level bugs
901,2,20,7,34,239,file_901,rb,beginner level bugs
902,11,37,20,49,319,file_902,py,intermediate level bugs
903,8,28,31,38,211,file_903,py,intermediate level bugs
904,5,38,3,49,241,file_904,c,intermediate level bugs
905,16,22,53,10,145,file_905,py,experienced level bugs
906,14,28,49,40,71,file_906,c,experienced level bugs
907,18,32,30,48,78,file_907,py,experienced level bugs
908,9,19,21,26,126,file_908,c,beginner level bugs
909,17,24,58,13,319,file_909,py,experienced level bugs
910,17,15,57,15,240,file_910,py,experienced level bugs
911,1,15,18,3,249,file_911,c,beginner level bugs
912,0,24,19,37,87,file_912,c,intermediate level bugs
913,11,32,30,55,215,file_913,py,intermediate level bugs
914,3,18,11,9,297,file_914,cpp,beginner level bugs
915,17,27,35,48,129,file_915,js,experienced level bugs
916,12,26,35,48,140,file_916,py,experienced level bugs
917,16,22,49,17,134,file_917,py,experienced level bugs
918,4,19,6,22,96,file_918,js,beginner level bugs
919,19,30,61,57,257,file_919,py,experienced level bugs
920,1,12,17,23,118,file_920,c,beginner level bugs
921,19,22,30,13,119,file_921,rb,experienced level bugs
922,17,28,65,52,128,file_922,py,experienced level bugs
923,15,20,38,25,224,file_923,c,experienced level bugs
924,19,38,51,33,112,file_924,py,experienced level bugs
925,10,36,37,30,110,file_925,c,intermediate level bugs
926,9,25,27,42,113,file_926,py,intermediate level bugs
927,0,19,7,5,130,file_927,py,beginner level bugs
928,12,22,24,7,189,file_928,js,beginner level bugs
929,6,17,3,38,145,file_929,py,beginner level bugs
930,7,29,22,52,202,file_930,py,intermediate level bugs
931,9,12,38,22,168,file_931,py,beginner level bugs
932,10,39,30,49,10,file_932,py,intermediate level bugs
933,12,35,24,30,272,file_933,js,intermediate level bugs
934,19,24,64,28,129,file_934,c,experienced level bugs
935,17,30,54,38,167,file_935,c,experienced level bugs
936,1,39,5,46,149,file_936,py,intermediate level bugs
937,10,12,17,21,2,file_937,rb,beginner level bugs
938,19,11,51,28,294,file_938,rb,experienced level bugs
939,4,36,7,49,202,file_939,c,intermediate level bugs
940,4,27,14,38,101,file_940,rb,intermediate level bugs
941,16,20,65,12,224,file_941,js,experienced level bugs
942,16,25,55,42,263,file_942,rb,experienced level bugs
943,0,38,16,35,144,file_943,cpp,intermediate level bugs
944,17,39,64,46,228,file_944,c,experienced level bugs
945,3,33,6,45,27,file_945,py,intermediate level bugs
946,1,34,13,35,274,file_946,js,intermediate level bugs
947,15,17,47,14,48,file_947,rb,experienced level bugs
948,17,19,66,27,149,file_948,py,experienced level bugs
949,2,29,4,36,147,file_949,cpp,intermediate level bugs
950,19,19,62,36,136,file_950,c,experienced level bugs
951,4,25,7,53,21,file_951,js,intermediate level bugs
952,3,37,14,35,299,file_952,py,intermediate level bugs
953,15,30,38,57,34,file_953,py,experienced level bugs
954,4,25,2,36,91,file_954,py,intermediate level bugs
955,8,37,24,47,278,file_955,py,intermediate level bugs
956,17,28,52,36,137,file_956,js,experienced level bugs
957,11,27,25,55,87,file_957,c,intermediate level bugs
958,15,30,32,52,244,file_958,py,experienced level bugs
959,19,14,52,6,36,file_959,py,experienced level bugs
960,5,32,8,36,145,file_960,cpp,intermediate level bugs
961,5,26,19,36,58,file_961,js,intermediate level bugs
962,4,37,12,53,64,file_962,c,intermediate level bugs
963,16,29,42,56,317,file_963,py,experienced level bugs
964,0,18,15,23,68,file_964,py,beginner level bugs
965,0,35,3,54,280,file_965,rb,intermediate level bugs
966,1,39,6,38,196,file_966,js,intermediate level bugs
967,12,21,25,33,161,file_967,c,beginner level bugs
968,14,34,36,33,255,file_968,rb,experienced level bugs
969,15,29,65,48,267,file_969,py,experienced level bugs
970,3,19,12,17,197,file_970,py,beginner level bugs
971,16,12,67,14,144,file_971,js,experienced level bugs
972,17,27,39,36,109,file_972,py,experienced level bugs
973,16,37,48,48,147,file_973,cpp,experienced level bugs
974,4,15,17,9,44,file_974,py,beginner level bugs
975,5,15,19,10,111,file_975,c,beginner level bugs
976,8,24,28,3,218,file_976,c,beginner level bugs
977,16,17,64,28,173,file_977,py,experienced level bugs
978,4,13,15,32,121,file_978,py,beginner level bugs
979,17,14,59,23,282,file_979,py,experienced level bugs
980,19,30,44,32,37,file_980,js,experienced level bugs
981,4,22,18,20,259,file_981,py,beginner level bugs
982,12,13,16,11,147,file_982,c,beginner level bugs
983,0,10,9,22,175,file_983,py,beginner level bugs
984,12,21,22,39,62,file_984,js,beginner level bugs
985,1,25,15,54,131,file_985,rb,intermediate level bugs
986,9,25,25,36,239,file_986,cpp,intermediate level bugs
987,3,21,12,18,51,file_987,py,beginner level bugs
988,0,23,18,9,219,file_988,py,beginner level bugs
989,16,24,61,7,28,file_989,rb,experienced level bugs
990,11,39,21,55,173,file_990,py,intermediate level bugs
991,9,26,24,47,71,file_991,py,intermediate level bugs
992,3,33,11,50,40,file_992,py,intermediate level bugs
993,17,27,53,55,182,file_993,py,experienced level bugs
994,9,34,20,43,136,file_994,py,intermediate level bugs
995,14,18,33,21,153,file_995,js,experienced level bugs
996,5,24,12,17,280,file_996,cpp,beginner level bugs
997,3,15,6,36,127,file_997,c,beginner level bugs
998,10,10,29,24,42,file_998,py,beginner level bugs
999,17,15,62,32,151,file_999,rb,experienced level bugs
